,path,is_reconnecting1,is_reconnecting2
0,imgout/77AVSsplit2/8/8_img00_00200.jpg,,
1,imgout/77AVSsplit2/8/8_img00_00201.jpg,,
2,imgout/77AVSsplit2/8/8_img00_00202.jpg,,
3,imgout/77AVSsplit2/8/8_img00_00203.jpg,,
4,imgout/77AVSsplit2/8/8_img00_00204.jpg,,
5,imgout/77AVSsplit2/8/8_img00_00205.jpg,,
6,imgout/77AVSsplit2/8/8_img00_00206.jpg,,
7,imgout/77AVSsplit2/8/8_img00_00207.jpg,,
8,imgout/77AVSsplit2/8/8_img00_00208.jpg,,
9,imgout/77AVSsplit2/8/8_img00_00209.jpg,,
10,imgout/77AVSsplit2/8/8_img00_00210.jpg,,
11,imgout/77AVSsplit2/8/8_img00_00211.jpg,,
12,imgout/77AVSsplit2/8/8_img00_00212.jpg,,
13,imgout/77AVSsplit2/8/8_img00_00213.jpg,,
14,imgout/77AVSsplit2/8/8_img00_00214.jpg,,
15,imgout/77AVSsplit2/8/8_img00_00215.jpg,,
16,imgout/77AVSsplit2/8/8_img00_00216.jpg,,
17,imgout/77AVSsplit2/8/8_img00_00217.jpg,,
18,imgout/77AVSsplit2/8/8_img00_00218.jpg,,
19,imgout/77AVSsplit2/8/8_img00_00219.jpg,,
20,imgout/77AVSsplit2/8/8_img00_00220.jpg,,
21,imgout/77AVSsplit2/8/8_img00_00221.jpg,,
22,imgout/77AVSsplit2/8/8_img00_00222.jpg,,
23,imgout/77AVSsplit2/8/8_img00_00223.jpg,,
24,imgout/77AVSsplit2/8/8_img00_00224.jpg,,
25,imgout/77AVSsplit2/8/8_img00_00225.jpg,,
26,imgout/77AVSsplit2/8/8_img00_00226.jpg,,
27,imgout/77AVSsplit2/8/8_img00_00227.jpg,,
28,imgout/77AVSsplit2/8/8_img00_00228.jpg,,
29,imgout/77AVSsplit2/8/8_img00_00229.jpg,,
30,imgout/77AVSsplit2/8/8_img00_00230.jpg,,
31,imgout/77AVSsplit2/8/8_img00_00231.jpg,,
32,imgout/77AVSsplit2/8/8_img00_00232.jpg,,
33,imgout/77AVSsplit2/8/8_img00_00233.jpg,,
34,imgout/77AVSsplit2/8/8_img00_00234.jpg,,
35,imgout/77AVSsplit2/8/8_img00_00235.jpg,,
36,imgout/77AVSsplit2/8/8_img00_00236.jpg,,
37,imgout/77AVSsplit2/8/8_img00_00237.jpg,,
38,imgout/77AVSsplit2/8/8_img00_00238.jpg,,
39,imgout/77AVSsplit2/8/8_img00_00239.jpg,,
40,imgout/77AVSsplit2/8/8_img00_00240.jpg,,
41,imgout/77AVSsplit2/8/8_img00_00241.jpg,,
42,imgout/77AVSsplit2/8/8_img00_00242.jpg,,
43,imgout/77AVSsplit2/8/8_img00_00243.jpg,,
44,imgout/77AVSsplit2/8/8_img00_00244.jpg,,
45,imgout/77AVSsplit2/8/8_img00_00245.jpg,,
46,imgout/77AVSsplit2/8/8_img00_00246.jpg,,
47,imgout/77AVSsplit2/8/8_img00_00247.jpg,,
48,imgout/77AVSsplit2/8/8_img00_00248.jpg,,
49,imgout/77AVSsplit2/8/8_img00_00249.jpg,,
50,imgout/77AVSsplit2/8/8_img00_00250.jpg,,
51,imgout/77AVSsplit2/8/8_img00_00251.jpg,,
52,imgout/77AVSsplit2/8/8_img00_00252.jpg,,
53,imgout/77AVSsplit2/8/8_img00_00253.jpg,,
54,imgout/77AVSsplit2/8/8_img00_00254.jpg,,
55,imgout/77AVSsplit2/8/8_img00_00255.jpg,,
56,imgout/77AVSsplit2/8/8_img00_00256.jpg,,
57,imgout/77AVSsplit2/8/8_img00_00257.jpg,,
58,imgout/77AVSsplit2/8/8_img00_00258.jpg,,
59,imgout/77AVSsplit2/8/8_img00_00259.jpg,,
60,imgout/77AVSsplit2/8/8_img00_00260.jpg,,
61,imgout/77AVSsplit2/8/8_img00_00261.jpg,,
62,imgout/77AVSsplit2/8/8_img00_00262.jpg,,
63,imgout/77AVSsplit2/8/8_img00_00263.jpg,,
64,imgout/77AVSsplit2/8/8_img00_00264.jpg,,
65,imgout/77AVSsplit2/8/8_img00_00265.jpg,,
66,imgout/77AVSsplit2/8/8_img00_00266.jpg,,
67,imgout/77AVSsplit2/8/8_img00_00267.jpg,,
68,imgout/77AVSsplit2/8/8_img00_00268.jpg,,
69,imgout/77AVSsplit2/8/8_img00_00269.jpg,,
70,imgout/77AVSsplit2/8/8_img00_00270.jpg,,
71,imgout/77AVSsplit2/8/8_img00_00271.jpg,,
72,imgout/77AVSsplit2/8/8_img00_00272.jpg,,
73,imgout/77AVSsplit2/8/8_img00_00273.jpg,,
74,imgout/77AVSsplit2/8/8_img00_00274.jpg,,
75,imgout/77AVSsplit2/8/8_img00_00275.jpg,,
76,imgout/77AVSsplit2/8/8_img00_00276.jpg,,
77,imgout/77AVSsplit2/8/8_img00_00277.jpg,,
78,imgout/77AVSsplit2/8/8_img00_00278.jpg,,
79,imgout/77AVSsplit2/8/8_img00_00279.jpg,,
80,imgout/77AVSsplit2/8/8_img00_00280.jpg,,
81,imgout/77AVSsplit2/8/8_img00_00281.jpg,,
82,imgout/77AVSsplit2/8/8_img00_00282.jpg,,
83,imgout/77AVSsplit2/8/8_img00_00283.jpg,,
84,imgout/77AVSsplit2/8/8_img00_00284.jpg,,
85,imgout/77AVSsplit2/8/8_img00_00285.jpg,,
86,imgout/77AVSsplit2/8/8_img00_00286.jpg,,
87,imgout/77AVSsplit2/8/8_img00_00287.jpg,,
88,imgout/77AVSsplit2/8/8_img00_00288.jpg,,
89,imgout/77AVSsplit2/8/8_img00_00289.jpg,,
90,imgout/77AVSsplit2/8/8_img00_00290.jpg,,
91,imgout/77AVSsplit2/8/8_img00_00291.jpg,,
92,imgout/77AVSsplit2/8/8_img00_00292.jpg,,
93,imgout/77AVSsplit2/8/8_img00_00293.jpg,,
94,imgout/77AVSsplit2/8/8_img00_00294.jpg,,
95,imgout/77AVSsplit2/8/8_img00_00295.jpg,,
96,imgout/77AVSsplit2/8/8_img00_00296.jpg,,
97,imgout/77AVSsplit2/8/8_img00_00297.jpg,,
98,imgout/77AVSsplit2/8/8_img00_00298.jpg,,
99,imgout/77AVSsplit2/8/8_img00_00299.jpg,,
100,imgout/77AVSsplit2/8/8_img00_00300.jpg,,
101,imgout/77AVSsplit2/8/8_img00_00301.jpg,,
102,imgout/77AVSsplit2/8/8_img00_00302.jpg,,
103,imgout/77AVSsplit2/8/8_img00_00303.jpg,,
104,imgout/77AVSsplit2/8/8_img00_00304.jpg,,
105,imgout/77AVSsplit2/8/8_img00_00305.jpg,,
106,imgout/77AVSsplit2/8/8_img00_00306.jpg,,
107,imgout/77AVSsplit2/8/8_img00_00307.jpg,,
108,imgout/77AVSsplit2/8/8_img00_00308.jpg,,
109,imgout/77AVSsplit2/8/8_img00_00309.jpg,,
110,imgout/77AVSsplit2/8/8_img00_00310.jpg,,
111,imgout/77AVSsplit2/8/8_img00_00311.jpg,,
112,imgout/77AVSsplit2/8/8_img00_00312.jpg,,
113,imgout/77AVSsplit2/8/8_img00_00313.jpg,,
114,imgout/77AVSsplit2/8/8_img00_00314.jpg,,
115,imgout/77AVSsplit2/8/8_img00_00315.jpg,,
116,imgout/77AVSsplit2/8/8_img00_00316.jpg,,
117,imgout/77AVSsplit2/8/8_img00_00317.jpg,,
118,imgout/77AVSsplit2/8/8_img00_00318.jpg,,
119,imgout/77AVSsplit2/8/8_img00_00319.jpg,,
120,imgout/77AVSsplit2/8/8_img00_00320.jpg,,
121,imgout/77AVSsplit2/8/8_img00_00321.jpg,,
122,imgout/77AVSsplit2/8/8_img00_00322.jpg,,
123,imgout/77AVSsplit2/8/8_img00_00323.jpg,,
124,imgout/77AVSsplit2/8/8_img00_00324.jpg,,
125,imgout/77AVSsplit2/8/8_img00_00325.jpg,,
126,imgout/77AVSsplit2/8/8_img00_00326.jpg,,
127,imgout/77AVSsplit2/8/8_img00_00327.jpg,,
128,imgout/77AVSsplit2/8/8_img00_00328.jpg,,
129,imgout/77AVSsplit2/8/8_img00_00329.jpg,,
130,imgout/77AVSsplit2/8/8_img00_00330.jpg,,
131,imgout/77AVSsplit2/8/8_img00_00331.jpg,,
132,imgout/77AVSsplit2/8/8_img00_00332.jpg,,
133,imgout/77AVSsplit2/8/8_img00_00333.jpg,,
134,imgout/77AVSsplit2/8/8_img00_00334.jpg,,
135,imgout/77AVSsplit2/8/8_img00_00335.jpg,,
136,imgout/77AVSsplit2/8/8_img00_00336.jpg,,
137,imgout/77AVSsplit2/8/8_img00_00337.jpg,,
138,imgout/77AVSsplit2/8/8_img00_00338.jpg,,
139,imgout/77AVSsplit2/8/8_img00_00339.jpg,,
140,imgout/77AVSsplit2/8/8_img00_00340.jpg,,
141,imgout/77AVSsplit2/8/8_img00_00341.jpg,,
142,imgout/77AVSsplit2/8/8_img00_00342.jpg,,
143,imgout/77AVSsplit2/8/8_img00_00343.jpg,,
144,imgout/77AVSsplit2/8/8_img00_00344.jpg,,
145,imgout/77AVSsplit2/8/8_img00_00345.jpg,,
146,imgout/77AVSsplit2/8/8_img00_00346.jpg,,
147,imgout/77AVSsplit2/8/8_img00_00347.jpg,,
148,imgout/77AVSsplit2/8/8_img00_00348.jpg,,
149,imgout/77AVSsplit2/8/8_img00_00349.jpg,,
150,imgout/77AVSsplit2/8/8_img00_00350.jpg,,
151,imgout/77AVSsplit2/8/8_img00_00351.jpg,,
152,imgout/77AVSsplit2/8/8_img00_00352.jpg,,
153,imgout/77AVSsplit2/8/8_img00_00353.jpg,,
154,imgout/77AVSsplit2/8/8_img00_00354.jpg,,
155,imgout/77AVSsplit2/8/8_img00_00355.jpg,,
156,imgout/77AVSsplit2/8/8_img00_00356.jpg,,
157,imgout/77AVSsplit2/8/8_img00_00357.jpg,,
158,imgout/77AVSsplit2/8/8_img00_00358.jpg,,
159,imgout/77AVSsplit2/8/8_img00_00359.jpg,,
160,imgout/77AVSsplit2/8/8_img00_00360.jpg,,
161,imgout/77AVSsplit2/8/8_img00_00361.jpg,,
162,imgout/77AVSsplit2/8/8_img00_00362.jpg,,
163,imgout/77AVSsplit2/8/8_img00_00363.jpg,,
164,imgout/77AVSsplit2/8/8_img00_00364.jpg,,
165,imgout/77AVSsplit2/8/8_img00_00365.jpg,,
166,imgout/77AVSsplit2/8/8_img00_00366.jpg,,
167,imgout/77AVSsplit2/8/8_img00_00367.jpg,,
168,imgout/77AVSsplit2/8/8_img00_00368.jpg,,
169,imgout/77AVSsplit2/8/8_img00_00369.jpg,,
170,imgout/77AVSsplit2/8/8_img00_00370.jpg,,
171,imgout/77AVSsplit2/8/8_img00_00371.jpg,,
172,imgout/77AVSsplit2/8/8_img00_00372.jpg,,
173,imgout/77AVSsplit2/8/8_img00_00373.jpg,,
174,imgout/77AVSsplit2/8/8_img00_00374.jpg,,
175,imgout/77AVSsplit2/8/8_img00_00375.jpg,,
176,imgout/77AVSsplit2/8/8_img00_00376.jpg,,
177,imgout/77AVSsplit2/8/8_img00_00377.jpg,,
178,imgout/77AVSsplit2/8/8_img00_00378.jpg,,
179,imgout/77AVSsplit2/8/8_img00_00379.jpg,,
180,imgout/77AVSsplit2/8/8_img00_00380.jpg,,
181,imgout/77AVSsplit2/8/8_img00_00381.jpg,,
182,imgout/77AVSsplit2/8/8_img00_00382.jpg,,
183,imgout/77AVSsplit2/8/8_img00_00383.jpg,,
184,imgout/77AVSsplit2/8/8_img00_00384.jpg,,
185,imgout/77AVSsplit2/8/8_img00_00385.jpg,,
186,imgout/77AVSsplit2/8/8_img00_00386.jpg,,
187,imgout/77AVSsplit2/8/8_img00_00387.jpg,,
188,imgout/77AVSsplit2/8/8_img00_00388.jpg,,
189,imgout/77AVSsplit2/8/8_img00_00389.jpg,,
190,imgout/77AVSsplit2/8/8_img00_00390.jpg,,
191,imgout/77AVSsplit2/8/8_img00_00391.jpg,,
192,imgout/77AVSsplit2/8/8_img00_00392.jpg,,
193,imgout/77AVSsplit2/8/8_img00_00393.jpg,,
194,imgout/77AVSsplit2/8/8_img00_00394.jpg,,
195,imgout/77AVSsplit2/8/8_img00_00395.jpg,,
196,imgout/77AVSsplit2/8/8_img00_00396.jpg,,
197,imgout/77AVSsplit2/8/8_img00_00397.jpg,,
198,imgout/77AVSsplit2/8/8_img00_00398.jpg,,
199,imgout/77AVSsplit2/8/8_img00_00399.jpg,,
200,imgout/77AVSsplit2/8/8_img00_00400.jpg,,
201,imgout/77AVSsplit2/8/8_img00_00401.jpg,,
202,imgout/77AVSsplit2/8/8_img00_00402.jpg,,
203,imgout/77AVSsplit2/8/8_img00_00403.jpg,,
204,imgout/77AVSsplit2/8/8_img00_00404.jpg,,
205,imgout/77AVSsplit2/8/8_img00_00405.jpg,,
206,imgout/77AVSsplit2/8/8_img00_00406.jpg,,
207,imgout/77AVSsplit2/8/8_img00_00407.jpg,,
208,imgout/77AVSsplit2/8/8_img00_00408.jpg,,
209,imgout/77AVSsplit2/8/8_img00_00409.jpg,,
210,imgout/77AVSsplit2/8/8_img00_00410.jpg,,
211,imgout/77AVSsplit2/8/8_img00_00411.jpg,,
212,imgout/77AVSsplit2/8/8_img00_00412.jpg,,
213,imgout/77AVSsplit2/8/8_img00_00413.jpg,,
214,imgout/77AVSsplit2/8/8_img00_00414.jpg,,
215,imgout/77AVSsplit2/8/8_img00_00415.jpg,,
216,imgout/77AVSsplit2/8/8_img00_00416.jpg,,
217,imgout/77AVSsplit2/8/8_img00_00417.jpg,,
218,imgout/77AVSsplit2/8/8_img00_00418.jpg,,
219,imgout/77AVSsplit2/8/8_img00_00419.jpg,,
220,imgout/77AVSsplit2/8/8_img00_00420.jpg,,
221,imgout/77AVSsplit2/8/8_img00_00421.jpg,,
222,imgout/77AVSsplit2/8/8_img00_00422.jpg,,
223,imgout/77AVSsplit2/8/8_img00_00423.jpg,,
224,imgout/77AVSsplit2/8/8_img00_00424.jpg,,
225,imgout/77AVSsplit2/8/8_img00_00425.jpg,,
226,imgout/77AVSsplit2/8/8_img00_00426.jpg,,
227,imgout/77AVSsplit2/8/8_img00_00427.jpg,,
228,imgout/77AVSsplit2/8/8_img00_00428.jpg,,
229,imgout/77AVSsplit2/8/8_img00_00429.jpg,,
230,imgout/77AVSsplit2/8/8_img00_00430.jpg,,
231,imgout/77AVSsplit2/8/8_img00_00431.jpg,,
232,imgout/77AVSsplit2/8/8_img00_00432.jpg,,
233,imgout/77AVSsplit2/8/8_img00_00433.jpg,,
234,imgout/77AVSsplit2/8/8_img00_00434.jpg,,
235,imgout/77AVSsplit2/8/8_img00_00435.jpg,,
236,imgout/77AVSsplit2/8/8_img00_00436.jpg,,
237,imgout/77AVSsplit2/8/8_img00_00437.jpg,,
238,imgout/77AVSsplit2/8/8_img00_00438.jpg,,
239,imgout/77AVSsplit2/8/8_img00_00439.jpg,,
240,imgout/77AVSsplit2/8/8_img00_00440.jpg,,
241,imgout/77AVSsplit2/8/8_img00_00441.jpg,,
242,imgout/77AVSsplit2/8/8_img00_00442.jpg,,
243,imgout/77AVSsplit2/8/8_img00_00443.jpg,,
244,imgout/77AVSsplit2/8/8_img00_00444.jpg,,
245,imgout/77AVSsplit2/8/8_img00_00445.jpg,,
246,imgout/77AVSsplit2/8/8_img00_00446.jpg,,
247,imgout/77AVSsplit2/8/8_img00_00447.jpg,,
248,imgout/77AVSsplit2/8/8_img00_00448.jpg,,
249,imgout/77AVSsplit2/8/8_img00_00449.jpg,,
250,imgout/77AVSsplit2/8/8_img00_00450.jpg,,
251,imgout/77AVSsplit2/8/8_img00_00451.jpg,,
252,imgout/77AVSsplit2/8/8_img00_00452.jpg,,
253,imgout/77AVSsplit2/8/8_img00_00453.jpg,,
254,imgout/77AVSsplit2/8/8_img00_00454.jpg,,
255,imgout/77AVSsplit2/8/8_img00_00455.jpg,,
256,imgout/77AVSsplit2/8/8_img00_00456.jpg,,
257,imgout/77AVSsplit2/8/8_img00_00457.jpg,,
258,imgout/77AVSsplit2/8/8_img00_00458.jpg,,
259,imgout/77AVSsplit2/8/8_img00_00459.jpg,,
260,imgout/77AVSsplit2/8/8_img00_00460.jpg,,
261,imgout/77AVSsplit2/8/8_img00_00461.jpg,,
262,imgout/77AVSsplit2/8/8_img00_00462.jpg,,
263,imgout/77AVSsplit2/8/8_img00_00463.jpg,,
264,imgout/77AVSsplit2/8/8_img00_00464.jpg,,
265,imgout/77AVSsplit2/8/8_img00_00465.jpg,,
266,imgout/77AVSsplit2/8/8_img00_00466.jpg,,
267,imgout/77AVSsplit2/8/8_img00_00467.jpg,,
268,imgout/77AVSsplit2/8/8_img00_00468.jpg,,
269,imgout/77AVSsplit2/8/8_img00_00469.jpg,,
270,imgout/77AVSsplit2/8/8_img00_00470.jpg,,
271,imgout/77AVSsplit2/8/8_img00_00471.jpg,,
272,imgout/77AVSsplit2/8/8_img00_00472.jpg,,
273,imgout/77AVSsplit2/8/8_img00_00473.jpg,,
274,imgout/77AVSsplit2/8/8_img00_00474.jpg,,
275,imgout/77AVSsplit2/8/8_img00_00475.jpg,,
276,imgout/77AVSsplit2/8/8_img00_00476.jpg,,
277,imgout/77AVSsplit2/8/8_img00_00477.jpg,,
278,imgout/77AVSsplit2/8/8_img00_00478.jpg,,
279,imgout/77AVSsplit2/8/8_img00_00479.jpg,,
280,imgout/77AVSsplit2/8/8_img00_00480.jpg,,
281,imgout/77AVSsplit2/8/8_img00_00481.jpg,,
282,imgout/77AVSsplit2/8/8_img00_00482.jpg,,
283,imgout/77AVSsplit2/8/8_img00_00483.jpg,,
284,imgout/77AVSsplit2/8/8_img00_00484.jpg,,
285,imgout/77AVSsplit2/8/8_img00_00485.jpg,,
286,imgout/77AVSsplit2/8/8_img00_00486.jpg,,
287,imgout/77AVSsplit2/8/8_img00_00487.jpg,,
288,imgout/77AVSsplit2/8/8_img00_00488.jpg,,
289,imgout/77AVSsplit2/8/8_img00_00489.jpg,,
290,imgout/77AVSsplit2/8/8_img00_00490.jpg,,
291,imgout/77AVSsplit2/8/8_img00_00491.jpg,,
292,imgout/77AVSsplit2/8/8_img00_00492.jpg,,
293,imgout/77AVSsplit2/8/8_img00_00493.jpg,,
294,imgout/77AVSsplit2/8/8_img00_00494.jpg,,
295,imgout/77AVSsplit2/8/8_img00_00495.jpg,,
296,imgout/77AVSsplit2/8/8_img00_00496.jpg,,
297,imgout/77AVSsplit2/8/8_img00_00497.jpg,,
298,imgout/77AVSsplit2/8/8_img00_00498.jpg,,
299,imgout/77AVSsplit2/8/8_img00_00499.jpg,,
300,imgout/77AVSsplit2/8/8_img00_00500.jpg,,
301,imgout/77AVSsplit2/8/8_img00_00501.jpg,,
302,imgout/77AVSsplit2/8/8_img00_00502.jpg,,
303,imgout/77AVSsplit2/8/8_img00_00503.jpg,,
304,imgout/77AVSsplit2/8/8_img00_00504.jpg,,
305,imgout/77AVSsplit2/8/8_img00_00505.jpg,,
306,imgout/77AVSsplit2/8/8_img00_00506.jpg,,
307,imgout/77AVSsplit2/8/8_img00_00507.jpg,,
308,imgout/77AVSsplit2/8/8_img00_00508.jpg,,
309,imgout/77AVSsplit2/8/8_img00_00509.jpg,,
310,imgout/77AVSsplit2/8/8_img00_00510.jpg,,
311,imgout/77AVSsplit2/8/8_img00_00511.jpg,,
312,imgout/77AVSsplit2/8/8_img00_00512.jpg,,
313,imgout/77AVSsplit2/8/8_img00_00513.jpg,,
314,imgout/77AVSsplit2/8/8_img00_00514.jpg,,
315,imgout/77AVSsplit2/8/8_img00_00515.jpg,,
316,imgout/77AVSsplit2/8/8_img00_00516.jpg,,
317,imgout/77AVSsplit2/8/8_img00_00517.jpg,,
318,imgout/77AVSsplit2/8/8_img00_00518.jpg,,
319,imgout/77AVSsplit2/8/8_img00_00519.jpg,,
320,imgout/77AVSsplit2/8/8_img00_00520.jpg,,
321,imgout/77AVSsplit2/8/8_img00_00521.jpg,,
322,imgout/77AVSsplit2/8/8_img00_00522.jpg,,
323,imgout/77AVSsplit2/8/8_img00_00523.jpg,,
324,imgout/77AVSsplit2/8/8_img00_00524.jpg,,
325,imgout/77AVSsplit2/8/8_img00_00525.jpg,,
326,imgout/77AVSsplit2/8/8_img00_00526.jpg,,
327,imgout/77AVSsplit2/8/8_img00_00527.jpg,,
328,imgout/77AVSsplit2/8/8_img00_00528.jpg,,
329,imgout/77AVSsplit2/8/8_img00_00529.jpg,,
330,imgout/77AVSsplit2/8/8_img00_00530.jpg,,
331,imgout/77AVSsplit2/8/8_img00_00531.jpg,,
332,imgout/77AVSsplit2/8/8_img00_00532.jpg,,
333,imgout/77AVSsplit2/8/8_img00_00533.jpg,,
334,imgout/77AVSsplit2/8/8_img00_00534.jpg,,
335,imgout/77AVSsplit2/8/8_img00_00535.jpg,,
336,imgout/77AVSsplit2/8/8_img00_00536.jpg,,
337,imgout/77AVSsplit2/8/8_img00_00537.jpg,,
338,imgout/77AVSsplit2/8/8_img00_00538.jpg,,
339,imgout/77AVSsplit2/8/8_img00_00539.jpg,,
340,imgout/77AVSsplit2/8/8_img00_00540.jpg,,
341,imgout/77AVSsplit2/8/8_img00_00541.jpg,,
342,imgout/77AVSsplit2/8/8_img00_00542.jpg,,
343,imgout/77AVSsplit2/8/8_img00_00543.jpg,,
344,imgout/77AVSsplit2/8/8_img00_00544.jpg,,
345,imgout/77AVSsplit2/8/8_img00_00545.jpg,,
346,imgout/77AVSsplit2/8/8_img00_00546.jpg,,
347,imgout/77AVSsplit2/8/8_img00_00547.jpg,,
348,imgout/77AVSsplit2/8/8_img00_00548.jpg,,
349,imgout/77AVSsplit2/8/8_img00_00549.jpg,,
350,imgout/77AVSsplit2/8/8_img00_00550.jpg,,
351,imgout/77AVSsplit2/8/8_img00_00551.jpg,,
352,imgout/77AVSsplit2/8/8_img00_00552.jpg,,
353,imgout/77AVSsplit2/8/8_img00_00553.jpg,,
354,imgout/77AVSsplit2/8/8_img00_00554.jpg,,
355,imgout/77AVSsplit2/8/8_img00_00555.jpg,,
356,imgout/77AVSsplit2/8/8_img00_00556.jpg,,
357,imgout/77AVSsplit2/8/8_img00_00557.jpg,,
358,imgout/77AVSsplit2/8/8_img00_00558.jpg,,
359,imgout/77AVSsplit2/8/8_img00_00559.jpg,,
360,imgout/77AVSsplit2/8/8_img00_00560.jpg,,
361,imgout/77AVSsplit2/8/8_img00_00561.jpg,,
362,imgout/77AVSsplit2/8/8_img00_00562.jpg,,
363,imgout/77AVSsplit2/8/8_img00_00563.jpg,,
364,imgout/77AVSsplit2/8/8_img00_00564.jpg,,
365,imgout/77AVSsplit2/8/8_img00_00565.jpg,,
366,imgout/77AVSsplit2/8/8_img00_00566.jpg,,
367,imgout/77AVSsplit2/8/8_img00_00567.jpg,,
368,imgout/77AVSsplit2/8/8_img00_00568.jpg,,
369,imgout/77AVSsplit2/8/8_img00_00569.jpg,,
370,imgout/77AVSsplit2/8/8_img00_00570.jpg,,
371,imgout/77AVSsplit2/8/8_img00_00571.jpg,,
372,imgout/77AVSsplit2/8/8_img00_00572.jpg,,
373,imgout/77AVSsplit2/8/8_img00_00573.jpg,,
374,imgout/77AVSsplit2/8/8_img00_00574.jpg,,
375,imgout/77AVSsplit2/8/8_img00_00575.jpg,,
376,imgout/77AVSsplit2/8/8_img00_00576.jpg,,
377,imgout/77AVSsplit2/8/8_img00_00577.jpg,,
378,imgout/77AVSsplit2/8/8_img00_00578.jpg,,
379,imgout/77AVSsplit2/8/8_img00_00579.jpg,,
380,imgout/77AVSsplit2/8/8_img00_00580.jpg,,
381,imgout/77AVSsplit2/8/8_img00_00581.jpg,,
382,imgout/77AVSsplit2/8/8_img00_00582.jpg,,
383,imgout/77AVSsplit2/8/8_img00_00583.jpg,,
384,imgout/77AVSsplit2/8/8_img00_00584.jpg,,
385,imgout/77AVSsplit2/8/8_img00_00585.jpg,,
386,imgout/77AVSsplit2/8/8_img00_00586.jpg,,
387,imgout/77AVSsplit2/8/8_img00_00587.jpg,,
388,imgout/77AVSsplit2/8/8_img00_00588.jpg,,
389,imgout/77AVSsplit2/8/8_img00_00589.jpg,,
390,imgout/77AVSsplit2/8/8_img00_00590.jpg,,
391,imgout/77AVSsplit2/8/8_img00_00591.jpg,,
392,imgout/77AVSsplit2/8/8_img00_00592.jpg,,
393,imgout/77AVSsplit2/8/8_img00_00593.jpg,,
394,imgout/77AVSsplit2/8/8_img00_00594.jpg,,
395,imgout/77AVSsplit2/8/8_img00_00595.jpg,,
396,imgout/77AVSsplit2/8/8_img00_00596.jpg,,
397,imgout/77AVSsplit2/8/8_img00_00597.jpg,,
398,imgout/77AVSsplit2/8/8_img00_00598.jpg,,
399,imgout/77AVSsplit2/8/8_img00_00599.jpg,,
